metric,source_concept,priority,unit,balance_type
revenue,RevenueFromContractWithCustomerExcludingAssessedTax,1,USD,duration
revenue,Revenues,2,USD,duration
revenue,SalesRevenueNet,3,USD,duration
revenue,RevenueFromContractWithCustomerIncludingAssessedTax,4,USD,duration
cost_of_revenue,CostOfRevenue,1,USD,duration
cost_of_revenue,CostOfGoodsAndServicesSold,2,USD,duration
cost_of_revenue,CostOfGoodsSold,3,USD,duration
gross_profit,GrossProfit,1,USD,duration
operating_income,OperatingIncomeLoss,1,USD,duration
net_income,NetIncomeLoss,1,USD,duration
operating_cash_flow,NetCashProvidedByUsedInOperatingActivities,1,USD,duration
capex,PaymentsToAcquirePropertyPlantAndEquipment,1,USD,duration
diluted_shares,WeightedAverageNumberOfDilutedSharesOutstanding,1,shares,duration
total_assets,Assets,1,USD,instant
current_assets,AssetsCurrent,1,USD,instant
current_liabilities,LiabilitiesCurrent,1,USD,instant
long_term_debt,LongTermDebtNoncurrent,1,USD,instant
long_term_debt,LongTermDebt,2,USD,instant
shareholders_equity,StockholdersEquity,1,USD,instant
shareholders_equity,StockholdersEquityIncludingPortionAttributableToNoncontrollingInterest,2,USD,instant
